Frequency,Label
3904.2328300162676,Bird
3458.0713843807143,Bird
4759.444159523368,Bird
8502.49612395722,Bird
3600.696212723563,Bird
3751.88045767463,Bird
1531.4762546419258,Bird
7745.185973026768,Bird
9791.628204997947,Bird
3175.1168821839406,Bird
3633.716665867386,Bird
2909.0635240050665,Bird
9359.00228008457,Bird
9890.704910338454,Bird
9030.027551407748,Bird
2788.764207731752,Bird
5569.5745585311915,Bird
4867.250231108742,Bird
1422.1122296345234,Bird
8661.1336109776,Bird
625.6440926988083,Bird
3443.3868732586593,Bird
4469.654058647846,Bird
7430.422038246816,Bird
3299.736114526894,Bird
3791.276732435569,Bird
1165.6898905573187,Bird
7968.0078696572145,Bird
4884.29387212613,Bird
3690.0455615994133,Bird
6578.78169596719,Bird
1422.343437999749,Bird
7767.411627712072,Bird
7018.802891112284,Bird
4975.510040087526,Bird
4936.15696524519,Bird
8047.442768086088,Bird
723.9497290822683,Bird
1784.1281970676382,Bird
4497.6386516652365,Bird
7359.253041541918,Bird
7747.960345914019,Bird
8418.146436667108,Bird
2911.413249785887,Bird
1817.0334713931925,Bird
6558.894361173992,Bird
2071.129529663485,Bird
4807.768263529853,Bird
8161.561509391906,Bird
5761.95222509898,Bird
6018.604840521504,Bird
626.0594726251434,Bird
6976.621354719224,Bird
2986.8770970950977,Bird
1162.9592198334383,Bird
3476.564674975555,Bird
4580.600036394407,Bird
9007.356953960372,Bird
8320.380358104207,Bird
6348.895011160388,Bird
9664.66694149067,Bird
7083.918605612756,Bird
21.70929183970216,Bird
4257.145934667617,Bird
6648.2599515890715,Bird
5790.908358602008,Bird
5225.8300948821025,Bird
5674.625081577882,Bird
2571.499632058284,Bird
9993.742844146298,Bird
582.1312232587305,Bird
9483.0916653167,Bird
7078.003761247115,Bird
3786.3306450597465,Bird
3502.453970853937,Bird
7694.901353708058,Bird
9188.152202130364,Bird
9404.870885184335,Bird
9960.316388867315,Bird
2655.7621122495143,Bird
2454.63260875188,Bird
3219.128915066363,Bird
5764.998235489052,Bird
8714.0835814847,Bird
1523.2567839488297,Bird
4454.134600590254,Bird
6324.85340733758,Bird
1223.1192823560643,Bird
5313.368914366534,Bird
7385.568628862884,Bird
9555.416647280917,Bird
879.3825447488257,Bird
432.82865960095893,Bird
3088.305678859996,Bird
212.08130574302265,Bird
5441.2472619689715,Bird
2319.6587255448244,Bird
7892.013764847474,Bird
6466.262683716637,Bird
1845.5108540868448,Bird
425.31929221247486,Bird
1564.724204791228,Bird
3741.6074251747978,Bird
8673.650567921099,Bird
5986.820574846248,Bird
8233.341001692555,Bird
7380.926072288585,Bird
2717.2926682888633,Bird
7847.950586373114,Bird
641.9908076677849,Bird
1651.4339410990076,Bird
4965.921058068185,Bird
5494.73138472102,Bird
4998.971905023753,Bird
1628.1713996818403,Bird
4411.7394793631,Bird
2255.7290054236446,Bird
4851.226293579537,Bird
113.36305432040893,Bird
3443.7490622108203,Bird
7879.768730615913,Bird
2918.466941074447,Bird
9236.553289535146,Bird
4295.4342122618245,Bird
6309.013612360017,Bird
6924.74570703502,Bird
2915.359304745694,Bird
9836.782514508637,Bird
226.53273785278037,Bird
6762.012510719974,Bird
7290.3322655371285,Bird
6043.129531809343,Bird
517.1801614611649,Bird
2755.696478516817,Bird
1700.3219814060167,Bird
6680.41750769763,Bird
4932.547095467281,Bird
2823.8721840606727,Bird
7795.055507579682,Bird
30.45928250229535,Bird
7505.838191517057,Bird
179.93566919227933,Bird
9943.912264927736,Bird
9808.376969482997,Bird
2472.662621070011,Bird
5050.511906438826,Bird
9760.414439873539,Bird
7252.831266604254,Bird
951.9518185638786,Bird
7208.99624089888,Bird
522.5998344387617,Bird
1664.1277022510592,Bird
7664.718379381664,Bird
5889.64131669279,Bird
4089.3250610658592,Bird
3566.2358996466637,Bird
7326.748124892317,Bird
9660.960154185304,Bird
6751.164054442521,Bird
6453.777612242729,Bird
5881.95240357086,Bird
6602.827347361769,Bird
8700.016267339226,Bird
9870.212789552565,Bird
4298.512473101109,Bird
2826.3007878318435,Bird
8273.315992229644,Bird
7842.275889180312,Bird
2361.5083921074875,Bird
7103.489381336235,Bird
9616.822132433435,Bird
3879.124051621754,Bird
9773.079014804965,Bird
2700.428768100552,Bird
2735.094228549648,Bird
6144.525833003611,Bird
9953.310645823301,Bird
1893.025052676952,Bird
5230.581555104526,Bird
3731.1721703414346,Bird
2220.4078888206523,Bird
2373.931365631862,Bird
1335.271774126575,Bird
8205.231703473833,Bird
475.2542893019207,Bird
2063.965161888085,Bird
2688.858500811382,Bird
3442.531822209085,Bird
3230.889551424153,Bird
6469.211397940392,Bird
7909.528716355882,Bird
4015.65049591159,Bird
875.7827013772157,Bird
7378.26108910046,Bird
5423.9113269714135,Bird
1056.3832612547374,Bird
685.8918771450151,Bird
5477.325373978109,Bird
2111.932998827668,Bird
7764.090711235101,Bird
3794.0813316837675,Bird
1127.6382754511826,Bird
6741.142773312735,Bird
6388.446117966278,Bird
3136.86431943628,Bird
6234.324160832426,Bird
7812.008778565013,Bird
3314.010578365316,Bird
7871.109283399053,Bird
5785.559982944748,Bird
784.4780090461156,Bird
9888.304780384433,Bird
3017.300874966907,Bird
4112.138117710785,Bird
1897.9859216783445,Bird
925.4737713609206,Bird
3581.7024059566725,Bird
7906.46624960422,Bird
4331.926209455279,Bird
3784.0592038082364,Bird
8573.991193563385,Bird
4324.409473794054,Bird
3750.9336007092797,Bird
2036.4770647917162,Bird
9575.51659399294,Bird
3446.293646556597,Bird
8299.534030235825,Bird
7623.530538356967,Bird
7680.5882621557885,Bird
6965.851092567756,Bird
3327.0555488833706,Bird
5467.712841354783,Bird
6432.653182397417,Bird
5121.478531975146,Bird
5865.498678151667,Bird
5329.415362494444,Bird
5534.2204158463655,Bird
6849.756848057425,Bird
4233.774403613046,Bird
6503.03704269038,Bird
2030.300933177509,Bird
1058.1216264630489,Bird
9360.918970606755,Bird
9782.693336821669,Bird
3090.0547001781497,Bird
3486.78753157567,Bird
3022.035939377455,Bird
9889.308694653966,Bird
1247.1436800915558,Bird
5038.632061634676,Bird
4582.234093047039,Bird
5663.365792818533,Bird
687.4147108995288,Bird
9063.01268994558,Bird
208.18123626143438,Bird
9285.925900004664,Bird
4641.722947590047,Bird
4452.218765364716,Bird
5561.218736920606,Bird
1565.4915516733126,Bird
3854.5814387579912,Bird
3577.218012373211,Bird
883.6137767347963,Bird
9379.994164136247,Bird
7870.599784901366,Bird
7301.866908813598,Bird
5359.940887137008,Bird
8413.967997036923,Bird
9714.269296004379,Bird
8291.319591193333,Bird
9205.85861403493,Bird
5311.149786455932,Bird
2100.9319161422313,Bird
956.2040001289429,Bird
4862.222698452932,Bird
7706.609974329097,Bird
7780.1019888193005,Bird
5705.709438002674,Bird
9058.846803278893,Bird
2991.740701382284,Bird
8621.534304446393,Bird
2854.737015557991,Bird
8693.736728870248,Bird
2352.6812905076445,Bird
2248.9971103260077,Bird
3212.9837473469656,Bird
1407.8154517169728,Bird
5067.494966297599,Bird
3427.36951285579,Bird
6651.218084890103,Bird
7107.160673645711,Bird
3051.8367518936197,Bird
8164.803261996718,Bird
8409.638180512817,Bird
6933.683391577364,Bird
2799.1131706315687,Bird
960.0920803595858,Bird
2343.607566813227,Bird
3701.6975150347307,Bird
9956.098896041593,Bird
1516.605159518629,Bird
1319.9982661173526,Bird
9811.720891169443,Bird
3169.273188114088,Bird
4049.4338155697073,Bird
1229.3498302485273,Bird
7983.822567056704,Bird
1908.7984094018673,Bird
9673.358924072001,Bird
6264.129045926815,Bird
6071.375380104255,Bird
3305.433421654649,Bird
4329.504287074342,Bird
5140.870536864029,Bird
6854.8901572587865,Bird
4585.212049584176,Bird
7899.6438433879675,Bird
3995.311489331014,Bird
8773.943708961233,Bird
7603.473255542266,Bird
8559.009058365717,Bird
2821.4429732186286,Bird
4996.134102928622,Bird
9466.696357395947,Bird
4128.562268772606,Bird
7076.920590504655,Bird
229.7036347426107,Bird
3815.5923278591354,Bird
865.6557401417675,Bird
633.7749646484502,Bird
5542.5764735033135,Bird
8176.627978275132,Bird
3318.879560032997,Bird
344.00303542381215,Bird
5848.934891094263,Bird
7638.957176545592,Bird
8805.722775210592,Bird
2457.6035155215845,Bird
7906.512158101427,Bird
2401.9075449984252,Bird
4713.259109596718,Bird
2049.7879737548765,Bird
3162.551225512413,Bird
8623.506645561512,Bird
2582.276331917702,Bird
5558.363804136965,Bird
8759.964780657747,Bird
9122.49404299053,Bird
2111.380245626305,Bird
7413.722064585952,Bird
9412.474013058803,Bird
2354.519065207503,Bird
3794.1395770011245,Bird
203.7334174498029,Bird
9534.484429026836,Bird
2121.4902008093627,Bird
60.279930716600205,Bird
362.62821417357594,Bird
6173.058868754343,Bird
7113.370652306044,Bird
9596.458983729486,Bird
9689.540162402265,Bird
1003.8117613784947,Bird
7947.466436485292,Bird
892.0337581929805,Bird
9726.441045104215,Bird
6073.320714386859,Bird
7921.97775586605,Bird
8558.962621896844,Bird
6542.705232750701,Bird
2608.9370461169915,Bird
8620.376684137258,Bird
5765.138276961776,Bird
9414.777807905282,Bird
3129.5725425073506,Bird
7903.392217534364,Bird
1662.2801111163888,Bird
5254.302526528496,Bird
2691.45608240417,Bird
9985.141828548845,Bird
1793.306520208061,Bird
486.1943873307706,Bird
5067.054689336124,Bird
6629.729982327527,Bird
4624.791706942181,Bird
9989.869609572337,Bird
1981.8640568239664,Bird
984.8915544987269,Bird
6183.115584960517,Bird
2563.6227943941913,Bird
7006.4582674219355,Bird
2967.0474553349745,Bird
2885.313907431506,Bird
5834.1979128039475,Bird
9865.084409112595,Bird
5421.271461978581,Bird
4948.14782151291,Bird
2632.0951354431386,Bird
7355.68443925704,Bird
5638.766539633219,Bird
1060.5862566124613,Bird
3085.1952376792224,Bird
3290.454898734745,Bird
6013.723989401957,Bird
2368.9234601333133,Bird
9688.541600364942,Bird
7462.72716631605,Bird
6228.928186800491,Bird
2386.971043219702,Bird
344.0053437022916,Bird
441.2028043390659,Bird
9031.492406517846,Bird
2367.817432742052,Bird
2799.3959587246254,Bird
4333.10932637041,Bird
2034.3117472728745,Bird
7365.853764336142,Bird
2982.320157955609,Bird
153.84489561386715,Bird
3853.795426070735,Bird
1587.3601867011478,Bird
4851.292858031438,Bird
878.75092831601,Bird
7910.528363226698,Bird
5496.733818759834,Bird
7869.514889549605,Bird
7282.388270968669,Bird
5491.147852942714,Bird
9865.191622303531,Bird
4574.974523331754,Bird
7845.816513549918,Bird
472.34918366197087,Bird
319.972611194469,Bird
6439.622567916471,Bird
764.3780558516166,Bird
4702.414269706707,Bird
2885.7766517440973,Bird
8763.569943642688,Bird
2615.1341066683985,Bird
2049.057826460163,Bird
8102.544220766543,Bird
1729.2238441704033,Bird
9071.078304913988,Bird
7425.7349921802215,Bird
9451.912808554656,Bird
4170.3309721062205,Bird
5836.642928253507,Bird
8813.056103296967,Bird
3386.9018512864004,Bird
3124.6811407872365,Bird
8810.466950352276,Bird
9608.282712884864,Bird
8364.616190098628,Bird
3559.815971991297,Bird
8059.8009812045775,Bird
9853.124424627711,Bird
4966.869936776692,Bird
1086.6940952393234,Bird
2335.381607819027,Bird
2168.132995095813,Bird
2301.1366064161907,Bird
6374.856585037369,Bird
3286.107676486433,Bird
7994.367026407061,Bird
5306.196364066371,Bird
832.6744012873621,Bird
6504.439838301826,Bird
7005.335908145161,Bird
4528.914381931313,Bird
8212.063476474816,Bird
8483.278947541434,Bird
3356.2728313601865,Bird
7693.296648433306,Bird
8705.646386400364,Bird
6679.770660280396,Bird
9620.124476988663,Bird
8447.03349137707,Bird
1228.7837347443597,Bird
9330.297486926696,Bird
1429.1795258598095,Bird
2101.3987953508395,Bird
5816.131118875682,Bird
4678.431271001264,Bird
292.7771245252575,Bird
8959.150899524546,Bird
9514.728144049222,Bird
7995.266528201942,Bird
8984.0089941862,Bird
3781.4146227707847,Bird
1689.6694620828268,Bird
5884.536250705054,Bird
5505.713507428104,Bird
7431.871872749466,Bird
3247.566337448811,Bird
998.507674434671,Bird
4867.889498938907,Bird
9965.954777554662,Bird
3212.756582529718,Bird
9625.313117613156,Bird
6064.468862014006,Bird
4438.302415503586,Bird
4900.724240561778,Bird
3706.7297846743163,Bird
8035.983680116796,Bird
6467.123879327938,Bird
7569.8143924915685,Bird
398.0097655278958,Bird
1660.5218723157134,Bird
6106.809710430642,Bird
3464.9986004698208,Bird
1151.4190899121224,Bird
3809.058508626971,Bird
514.1364184734875,Bird
1188.8577106246023,Bird
4035.79852641482,Bird
3384.0468972481576,Bird
5167.974232475029,Bird
3171.5505813084665,Bird
3340.282605011434,Bird
1170.0559682738776,Bird
4370.963885158683,Bird
6826.996872974756,Bird
638.180589248788,Bird
1643.2252588652484,Bird
4706.247465638323,Bird
4128.963269994699,Bird
6715.737624404678,Bird
6405.594884426541,Bird
860.0627202890876,Bird
8367.246882529242,Bird
1882.9694504118,Bird
3179.9788891911853,Bird
3637.843439315941,Bird
8169.518025575561,Bird
8366.368311339294,Bird
2588.6739544271454,Bird
7810.249308960325,Bird
5171.581896722299,Bird
4242.25101328498,Bird
1097.5440284183246,Bird
5824.987598580663,Bird
8312.465691183043,Bird
7064.916360379271,Bird
9928.822262300891,Bird
963.8187469499526,Bird
4471.519698456637,Bird
1314.4798967125316,Bird
5653.951291619971,Bird
708.7633514353809,Bird
1425.729185477499,Bird
2430.554535218201,Bird
5883.35850785044,Bird
2173.412503143047,Bird
6154.216360012201,Bird
1106.5689074510387,Bird
239.3004596713888,Bird
2677.655400924711,Bird
8676.437123118641,Bird
1442.3639818422496,Bird
500.11369613833125,Bird
3549.15295051908,Bird
5072.046147569758,Bird
6807.330445395529,Bird
4537.93900347607,Bird
8788.789837529657,Bird
2116.1863772522092,Bird
9115.134388259772,Bird
9876.88594878244,Bird
680.1481972024181,Bird
17.95155465320053,Bird
3087.4910699171655,Bird
4344.0038475403335,Bird
6589.5026780790995,Bird
4128.539202211979,Bird
2310.9722527932495,Bird
3946.6067300246887,Bird
8363.178550710332,Bird
4902.497303569401,Bird
6003.213118530139,Bird
3169.867295156914,Bird
7475.515289157546,Bird
2994.209168204054,Bird
6314.531385094726,Bird
4237.451660392333,Bird
6250.176278081335,Bird
7539.200264014016,Bird
6249.565981331606,Bird
9661.812154884577,Bird
8534.094857426064,Bird
1191.5103471549137,Bird
2831.774732369958,Bird
6133.155757639157,Bird
6356.378579829721,Bird
6641.168505626835,Bird
6066.371532534359,Bird
7219.642682352142,Bird
4401.4007910595,Bird
7316.155801620555,Bird
8909.279487779646,Bird
971.2669703137644,Bird
4365.917937600428,Bird
7751.805077441636,Bird
3852.538219744439,Bird
1642.3316700584678,Bird
8260.15698281525,Bird
8819.101707766557,Bird
6659.286006149744,Bird
8924.556266315883,Bird
4627.400882462696,Bird
1230.1066584102061,Bird
1126.6785047708006,Bird
4125.179207824215,Bird
8644.624849909185,Bird
4334.727868242565,Bird
2014.9901639928669,Bird
9935.277265443552,Bird
6420.405135324141,Bird
8434.305647893416,Bird
2605.657538592313,Bird
635.4547518367415,Bird
6235.792261351419,Bird
7884.843036070613,Bird
5688.271918614721,Bird
9059.586953060914,Bird
1446.2300357991276,Bird
6484.983125769197,Bird
6745.578570695054,Bird
402.46777308324044,Bird
8747.152296807824,Bird
6460.958884594573,Bird
580.4979237514008,Bird
7294.591817183339,Bird
9776.667916875125,Bird
8526.807673917261,Bird
2826.603136670931,Bird
3275.537542541543,Bird
8979.933249121148,Bird
4444.655139346786,Bird
2571.9403698745523,Bird
5245.801971336459,Bird
490.68876837507827,Bird
5831.142795098938,Bird
8506.178861145841,Bird
7090.580830716442,Bird
9745.090421421088,Bird
580.9685036622192,Bird
9442.864319422837,Bird
601.6781418374018,Bird
5949.273546718441,Bird
3294.0246481781,Bird
1560.8345956064218,Bird
2742.90552930367,Bird
2599.001535650438,Bird
4271.329362541579,Bird
4757.447496658765,Bird
8521.84034355419,Bird
9154.079771817811,Bird
5271.213676973109,Bird
5209.816258849705,Bird
4926.584512531216,Bird
2354.9781323768516,Bird
1126.92906785134,Bird
9812.6811625707,Bird
5541.37419371638,Bird
2242.4471966138594,Bird
1241.2043585111244,Bird
6743.405217420193,Bird
2814.966269339131,Bird
4260.545091739758,Bird
5131.794578946771,Bird
7213.332930502971,Bird
4675.608647672169,Bird
7482.59128762032,Bird
5264.229052272513,Bird
868.478686885159,Bird
3183.790107449471,Bird
3007.0993390419276,Bird
6397.620160387598,Bird
8745.766552593057,Bird
8101.250819519336,Bird
4655.065973197362,Bird
757.4520325913769,Bird
4519.585520832541,Bird
8040.505884690025,Bird
6340.4282659876435,Bird
3081.0778813038173,Bird
6826.874833625926,Bird
1848.5577197012792,Bird
668.6685403766679,Bird
7393.174131288058,Bird
1850.630548827813,Bird
5954.030523108959,Bird
4724.875098964632,Bird
1471.9186185860444,Bird
7416.178880107491,Bird
3283.225884096004,Bird
7430.6623158735165,Bird
2373.1789736156293,Bird
8051.502311162676,Bird
3971.358806431128,Bird
6472.190427216154,Bird
4955.450497311849,Bird
8287.824174065807,Bird
7732.518663191752,Bird
9970.313142974499,Bird
4580.380859503251,Bird
1129.0562932108105,Bird
1396.2287517494754,Bird
7030.71581129794,Bird
9712.8418673406,Bird
7649.219848876973,Bird
1709.6940101524826,Bird
6663.241758637334,Bird
1179.6042953282915,Bird
4738.5619046018,Bird
1053.39938729478,Bird
3677.0292908648726,Bird
8351.34039730797,Bird
9990.120141289817,Bird
5910.456062659084,Bird
2065.516248625905,Bird
8898.197242439443,Bird
731.8566966844087,Bird
9865.105238195936,Bird
9183.274165986897,Bird
9262.131699299529,Bird
8383.21211072682,Bird
5052.554900104451,Bird
3996.238582957602,Bird
1243.7475655860785,Bird
7110.6136771295205,Bird
585.0601372593534,Bird
4330.046049554417,Bird
627.6397763728037,Bird
2110.610947981699,Bird
9014.098306832673,Bird
9311.767851802935,Bird
4718.72610082867,Bird
7265.787773546536,Bird
8766.381563929519,Bird
9286.860157964384,Bird
6245.936449753235,Bird
7082.277614618098,Bird
2081.5040580910395,Bird
2016.1238951873117,Bird
9656.139780643935,Bird
849.5243080333004,Bird
8606.231864257536,Bird
54.683316394885665,Bird
3295.6933489783537,Bird
5282.550306492893,Bird
1634.7071336714102,Bird
6045.537584591215,Bird
5670.874266310167,Bird
8392.631511778063,Bird
8869.536723180097,Bird
6099.735313688065,Bird
9389.774707004983,Bird
1833.1779447792019,Bird
4358.303641002338,Bird
5556.322132179258,Bird
2115.7941175400174,Bird
4426.211836067687,Bird
170.83948805767912,Bird
11.26891270335606,Bird
949.4875373535872,Bird
8116.781083371103,Bird
3150.468766033727,Bird
9401.483682243648,Bird
1068.5582972798736,Bird
7229.77631984577,Bird
2577.784007610611,Bird
8145.00281390997,Bird
7332.313870959239,Bird
1605.3506197156398,Bird
9101.412512179313,Bird
8787.157739803502,Bird
2133.4999119770937,Bird
7616.846512567989,Bird
3137.524181906347,Bird
6663.323879922073,Bird
2286.0837214147846,Bird
2761.5476617388977,Bird
2879.6258799480934,Bird
6867.403296440718,Bird
9070.942081432471,Bird
1510.9338351444312,Bird
8443.208895199281,Bird
1297.278829726778,Bird
6095.891252415273,Bird
270.43720067743806,Bird
3031.749487039539,Bird
922.1978574653522,Bird
8802.64373271731,Bird
2314.45788506476,Bird
7006.063062250083,Bird
9509.879000603762,Bird
7689.691104735222,Bird
1135.7709616379607,Bird
9282.415003749094,Bird
7689.321714931133,Bird
7915.276210040428,Bird
8321.706633867396,Bird
5355.685923545542,Bird
9236.312135482174,Bird
908.3472820639782,Bird
6339.893313916762,Bird
3608.360729606458,Bird
9029.52686269714,Bird
4620.1206169830875,Bird
2879.1309500261973,Bird
5564.81684122031,Bird
3624.5925816566214,Bird
9409.617864101294,Bird
3877.660457715979,Bird
2744.798647558312,Bird
7569.619124251836,Bird
9246.326385464217,Bird
3477.838805092356,Bird
410.3859513553543,Bird
4156.665810597069,Bird
2328.776924421053,Bird
8123.181391566753,Bird
5277.906305114434,Bird
8652.531832285269,Bird
9380.911888101951,Bird
2176.4471452641155,Bird
4113.595050632687,Bird
5795.766031007762,Bird
5095.890373729424,Bird
3323.0977949776384,Bird
9170.504086057666,Bird
4794.081018276456,Bird
7521.149374970107,Bird
1618.9477246420413,Bird
2316.702756557204,Bird
8757.716205158053,Bird
5819.287697988157,Bird
9521.928658583982,Bird
8561.703196896102,Bird
5143.7797727409625,Bird
5254.932708180042,Bird
41.729243748152015,Bird
2504.053878317611,Bird
4278.289818315114,Bird
7490.131367725042,Bird
6846.7978206277,Bird
7632.14051672247,Bird
2195.6729942844354,Bird
750.266723685078,Bird
5535.4781197636175,Bird
8051.345398214694,Bird
3676.951837842255,Bird
2698.841681737696,Bird
267.5261954598829,Bird
8496.060768150097,Bird
8696.113382659993,Bird
8316.0215424768,Bird
9182.192759055139,Bird
4137.71528010936,Bird
4005.476692169293,Bird
1154.5464555443684,Bird
1672.51714368727,Bird
1611.932669524464,Bird
5603.556494292051,Bird
1467.2247160678576,Bird
6847.8436032246855,Bird
720.856919321734,Bird
117.8760886224106,Bird
7379.1229405882195,Bird
6167.509385059065,Bird
4907.008492208706,Bird
9635.776516136288,Bird
41.37550672034473,Bird
2428.3179241644825,Bird
6099.037862468761,Bird
5560.54027248715,Bird
2262.399401728077,Bird
8710.138590133234,Bird
8774.087255921811,Bird
3270.2291191541253,Bird
7709.820538026451,Bird
468.6267405097044,Bird
5155.707811505551,Bird
2625.9112164849853,Bird
6405.2497497070235,Bird
7295.425527454269,Bird
194.91612607486886,Bird
4321.408236947584,Bird
283.23606845315874,Bird
6196.179312306588,Bird
7357.478954438377,Bird
4957.457215908,Bird
9749.713528325312,Bird
3469.5266939785197,Bird
1670.879005844138,Bird
7271.888102269506,Bird
9755.611416514437,Bird
3569.9931991805965,Bird
6774.614309890967,Bird
4973.205215682643,Bird
8500.611183083769,Bird
743.2135588125799,Bird
4696.630167658657,Bird
230.2907043435909,Bird
9859.173910162039,Bird
8469.797438478201,Bird
5003.105000013418,Bird
1570.769645592891,Bird
8190.6483455241905,Bird
2406.458554558849,Bird
9441.652281012752,Bird
4941.057491984842,Bird
3533.9196722296583,Bird
399.44468634955047,Bird
1513.5332333926076,Bird
3968.753000614481,Bird
4877.648234261789,Bird
5916.036563719126,Bird
8461.343478738503,Bird
716.6682467793905,Bird
8031.002015955577,Bird
1831.1184394166523,Bird
1054.7252340314062,Bird
8779.644931863531,Bird
6546.835272828916,Bird
8310.972090940815,Bird
1495.1473911295466,Bird
4464.374737774854,Bird
4511.734066718534,Bird
265.1772122556351,Bird
1046.1870903404936,Bird
648.4758350186171,Bird
4057.1552144679304,Bird
2330.0937101280538,Bird
4109.8724011409695,Bird
4967.448672910902,Bird
4208.198828450063,Bird
816.928768951708,Bird
2789.5464099495925,Bird
273.02671101792964,Bird
4363.720164149205,Bird
8857.557690552387,Bird
9036.50935171672,Bird
4478.152912226061,Bird
9347.938638034953,Bird
7054.0202889139555,Bird
5537.914836263915,Bird
3018.2442419788836,Bird
4471.9039470507405,Bird
1135.7353778609759,Bird
9882.028094504061,Bird
6530.211196144429,Bird
6730.805393398967,Bird
9579.466860964627,Bird
4194.194422246057,Bird
1910.1403962949737,Bird
9837.597371352953,Bird
7579.047730005746,Bird
8106.4298111681655,Bird
7997.549891263625,Bird
4838.423540801452,Bird
3260.414646744936,Bird
1554.725520380331,Bird
7184.569391026649,Bird
9688.584380931687,Bird
2909.7735914377654,Bird
163.09804159852948,Bird
6487.4829763601265,Bird
179.1007274714773,Bird
6894.44214978644,Bird
4739.465729580381,Bird
8670.047366108882,Bird
1659.6359900700586,Bird
1943.186472211258,Bird
7457.609598415172,Bird
3707.7605314923157,Bird
9674.139200494663,Bird
8264.215867667186,Bird
8638.699484095323,Bird
3539.917602098349,Bird
6154.037505565217,Bird
1774.1087789716503,Bird
8234.045843266356,Bird
1123.7178552368366,Bird
6389.455726866941,Bird
5584.504071677917,Bird
6770.970165221416,Bird
5769.573218157441,Bird
1471.3315830235151,Bird
4490.596316360343,Bird
6150.69096417175,Bird
4793.791608355552,Bird
2476.4207360226887,Bird
7009.008734959581,Bird
75.4024670731368,Bird
2838.6485633714533,Bird
5624.639007455033,Bird
2653.990056234985,Bird
7737.457192111924,Bird
3059.2010021231563,Drone
7283.411592676138,Drone
7141.18640522709,Drone
7808.448004820264,Drone
6095.263187088189,Drone
4952.190205280592,Drone
7844.791354011281,Drone
5592.932547073692,Drone
7559.250957837336,Drone
2089.862180903204,Drone
1280.3399647460067,Drone
1287.8695823845067,Drone
758.8974584264463,Drone
6396.071347451267,Drone
5856.977677877108,Drone
6003.326572273132,Drone
6950.793889079721,Drone
6144.15396946671,Drone
4183.646103665081,Drone
9787.800918686358,Drone
353.438842997239,Drone
8680.484721414465,Drone
9045.815554834153,Drone
9514.67003107824,Drone
6555.281221236177,Drone
684.4941259823034,Drone
327.6331934127874,Drone
1413.1109663808893,Drone
7619.039782091225,Drone
6056.951977415904,Drone
7755.763327325603,Drone
8851.894464579766,Drone
1008.5950476532446,Drone
1718.6638056755621,Drone
3397.2774446559815,Drone
3782.607160957153,Drone
41.045410068466516,Drone
3840.3917082748285,Drone
2345.8079161791925,Drone
2224.4306305569817,Drone
1032.7650964103896,Drone
1538.1872595472057,Drone
6187.349485209421,Drone
7055.079262562762,Drone
7994.527305750293,Drone
6913.464743299564,Drone
228.8870528555842,Drone
1242.554290373794,Drone
3665.2325926459007,Drone
4583.896986404768,Drone
2252.1276111102907,Drone
8598.152273916663,Drone
5756.776074467393,Drone
6537.240673015851,Drone
7181.720093523339,Drone
2871.3482707648272,Drone
9090.353341731538,Drone
8396.487524269593,Drone
8051.588736660433,Drone
471.29807396536603,Drone
9370.803525295943,Drone
9638.822669634063,Drone
9314.947771816882,Drone
2625.428345707033,Drone
5511.503385002587,Drone
9574.545037334545,Drone
6613.8700412194385,Drone
2689.5481767459205,Drone
4870.591584323176,Drone
3703.4471795379354,Drone
9739.900085562933,Drone
769.3735575491478,Drone
550.8184655415882,Drone
2046.3965320677046,Drone
1909.0995700002088,Drone
5191.367870176619,Drone
7418.767493627605,Drone
2385.9026768578105,Drone
8746.927630920465,Drone
6408.467236720486,Drone
7557.09176570786,Drone
8830.208033169118,Drone
4796.244171559948,Drone
1503.1230603183321,Drone
8964.06200565985,Drone
210.82082562229652,Drone
8158.13066060387,Drone
2938.4471537708478,Drone
8811.35861991386,Drone
9957.309001175294,Drone
1722.9416431990574,Drone
2547.520471662097,Drone
5404.526838354486,Drone
3831.128314898641,Drone
4317.340460580964,Drone
1928.8944414544019,Drone
2270.645299903775,Drone
5525.666657256495,Drone
9688.869312643397,Drone
5467.15260031452,Drone
6679.527367529825,Drone
1461.3951878391363,Drone
7803.518328623605,Drone
9991.516984506905,Drone
7006.7400904280275,Drone
3895.811536453735,Drone
1822.2075073692245,Drone
3359.6327880655995,Drone
8748.728070538713,Drone
4025.436390435478,Drone
7785.380980906834,Drone
2570.5109874234986,Drone
9959.478489092035,Drone
3565.0809729033317,Drone
6956.674195850218,Drone
8897.187090606858,Drone
3932.025974254494,Drone
75.08741669667751,Drone
5834.637850256159,Drone
5608.8200119425,Drone
2179.5705477194015,Drone
7117.426570811138,Drone
4612.661379037519,Drone
2401.443542756705,Drone
4536.091755181865,Drone
8822.692090077373,Drone
5981.960981533416,Drone
751.0441370505961,Drone
4169.129256503335,Drone
1155.4613830183757,Drone
68.05787999264345,Drone
5064.805062446861,Drone
6946.876922670616,Drone
4856.947573033561,Drone
6858.420925593872,Drone
3654.9606969267466,Drone
2628.606621584725,Drone
8279.810494447169,Drone
5587.529724367685,Drone
5669.653598000035,Drone
63.88242309253944,Drone
1679.493521799713,Drone
1690.2209393038281,Drone
1098.466301608092,Drone
778.8359495343977,Drone
314.4710866541178,Drone
8332.916533559031,Drone
7402.046126501721,Drone
9731.644564838338,Drone
9536.151610483197,Drone
7583.065390583122,Drone
2913.5675682283236,Drone
3173.7281715706445,Drone
3017.648350719343,Drone
4338.611518990382,Drone
7820.881909209016,Drone
5231.445724099007,Drone
1974.7041628863515,Drone
2064.018913874985,Drone
7509.251712029988,Drone
3270.626794883804,Drone
1496.2916787796833,Drone
8495.777249539959,Drone
4947.909898015451,Drone
7840.437273763303,Drone
9377.560286617088,Drone
7818.6461039145015,Drone
1753.4418287940457,Drone
9313.406970527687,Drone
3706.1238262731076,Drone
1259.6743307590718,Drone
9474.235177779807,Drone
5005.348304397791,Drone
5477.307066357986,Drone
3555.5951424955647,Drone
3379.616247552657,Drone
488.79026732916884,Drone
4464.178652288236,Drone
9755.140649389328,Drone
5496.471923718878,Drone
3397.9594554590885,Drone
4348.892910408824,Drone
4502.506763668609,Drone
368.86971021844903,Drone
5788.564048134932,Drone
2744.1072816545807,Drone
4454.966182450117,Drone
1130.1828203635089,Drone
7635.04619803107,Drone
1673.5623102372676,Drone
2422.575809396257,Drone
8103.341872086719,Drone
2572.8291470144427,Drone
2682.5577120291478,Drone
9928.08899233335,Drone
9015.942546620136,Drone
359.5619226915303,Drone
4261.401424250224,Drone
6079.634816108438,Drone
9521.848431073387,Drone
3004.499750578873,Drone
1769.5881059027597,Drone
5100.766320508645,Drone
7799.565092428575,Drone
6271.414303393509,Drone
9739.219465987486,Drone
9673.79708815323,Drone
3057.5489739033233,Drone
4072.272639613492,Drone
4412.133552689123,Drone
7436.918600565845,Drone
8866.974063856704,Drone
8066.870922462461,Drone
4551.640292528246,Drone
78.6346599308485,Drone
289.8129249278736,Drone
4388.270053166331,Drone
8207.718715671634,Drone
7786.03304838599,Drone
4702.700343602722,Drone
2633.7306019353123,Drone
3736.177653724878,Drone
8966.447166969901,Drone
7321.850375687978,Drone
1461.0016230116141,Drone
3630.8748534968927,Drone
9419.163062381796,Drone
2928.7283317729775,Drone
4811.341658947317,Drone
7783.568729920669,Drone
3477.170995931662,Drone
7874.067757535167,Drone
3422.3263240243505,Drone
7618.2003336694725,Drone
4119.88528548421,Drone
4109.099156926383,Drone
7709.943414940847,Drone
7472.599006956449,Drone
7026.975337405671,Drone
2941.5092862461447,Drone
3688.528986447578,Drone
155.51718451527142,Drone
6085.517170035335,Drone
6452.981673279108,Drone
7679.145866175661,Drone
8976.274214574769,Drone
62.1479697725702,Drone
8975.134759933791,Drone
5231.988028130676,Drone
4435.257952529961,Drone
3391.127115416859,Drone
5642.875108295131,Drone
814.9093077183956,Drone
3187.2068060155557,Drone
1322.642744972946,Drone
6947.769578043049,Drone
7189.752559155402,Drone
7052.749083509449,Drone
4569.475148641009,Drone
3822.0780395299957,Drone
750.8040592871635,Drone
6328.064328197124,Drone
2906.9543908104233,Drone
7358.086627741769,Drone
392.77200895528887,Drone
5314.3450880770015,Drone
4670.509927058223,Drone
154.09253109401445,Drone
8429.082039265739,Drone
3125.799166757418,Drone
2349.556478417544,Drone
4201.4738217370805,Drone
7079.187838700655,Drone
2835.3177149642684,Drone
5237.142017787135,Drone
2037.166385635385,Drone
5144.018129402142,Drone
8523.590979013143,Drone
8131.130286989707,Drone
9833.224005218426,Drone
4151.4211324439775,Drone
5983.141223767835,Drone
727.6926948359009,Drone
911.3039229029351,Drone
8300.010094672783,Drone
9194.637236702458,Drone
9817.876414463926,Drone
4071.5555364983456,Drone
3814.3248330640245,Drone
7610.856626023312,Drone
2901.8494417952734,Drone
9002.77844080031,Drone
3083.1858094572826,Drone
5741.865651377585,Drone
2071.521157492441,Drone
3764.958558606063,Drone
2344.493573263252,Drone
4867.581754039589,Drone
6125.111781698911,Drone
846.902301221698,Drone
1689.79966836321,Drone
7128.109693157029,Drone
4074.750335464936,Drone
2070.4274907389454,Drone
6033.285654342624,Drone
8374.584781079468,Drone
3995.550435236731,Drone
4217.143762062825,Drone
6554.211956514872,Drone
1890.8065112120298,Drone
2696.5939158954557,Drone
7577.161269183403,Drone
2514.127327323018,Drone
6121.36136471923,Drone
3849.779085490307,Drone
7521.123395075429,Drone
6867.938739989317,Drone
5343.9966679070985,Drone
8458.128399124696,Drone
5110.238300263614,Drone
5525.380271975019,Drone
5473.928730007566,Drone
2198.259022841813,Drone
8375.44506981263,Drone
8167.349690006079,Drone
7480.991006887233,Drone
9920.87283780963,Drone
2176.456089294361,Drone
6631.584060423204,Drone
3413.9688736043304,Drone
2196.9765996502288,Drone
2893.354195679033,Drone
7429.220909394654,Drone
1956.3870285896955,Drone
4316.688072730741,Drone
8891.468420496823,Drone
1993.7751093407708,Drone
4050.879465312598,Drone
7110.910645388511,Drone
4575.614388138716,Drone
7644.674304373976,Drone
4053.5651431722,Drone
2431.6107910753117,Drone
7460.961499450286,Drone
2959.146767465546,Drone
2029.0770750961228,Drone
2436.7891173105695,Drone
4904.728914249684,Drone
3563.1534630849105,Drone
882.151522567689,Drone
5390.044945362161,Drone
5610.066511491417,Drone
229.30543637240896,Drone
4227.338088400763,Drone
4117.901221347586,Drone
9598.14230489261,Drone
3380.654899739274,Drone
4479.033191110736,Drone
3664.1671648553165,Drone
8300.843894424599,Drone
8649.738596300844,Drone
9878.516795879601,Drone
2059.2117014195633,Drone
5286.77303987859,Drone
7098.320722513936,Drone
5157.653021864341,Drone
6035.72807643882,Drone
5582.068813799116,Drone
8411.941773608758,Drone
5944.576342038937,Drone
3164.308461131439,Drone
3142.9126046433876,Drone
1666.3481073470355,Drone
6956.580092579827,Drone
3658.1629969102337,Drone
2768.540462168043,Drone
3680.8784720655885,Drone
1850.1513689153514,Drone
415.6139708832085,Drone
6484.134353979641,Drone
4314.852114915196,Drone
592.5282261232235,Drone
4632.519080849036,Drone
3195.158121563509,Drone
2980.0635659961517,Drone
4818.5189117712425,Drone
6409.955938866081,Drone
7931.280496053735,Drone
9792.991234618752,Drone
2808.1207571981026,Drone
3968.5687146762884,Drone
3338.4094813968854,Drone
3201.383013515845,Drone
2414.6130926949704,Drone
8313.64013104469,Drone
8516.367579906022,Drone
8696.037645114713,Drone
4125.291010435936,Drone
8280.413786004026,Drone
740.932403633393,Drone
285.7468639549332,Drone
7070.040589018843,Drone
2022.843412927483,Drone
9114.044601596337,Drone
1032.672532771185,Drone
1382.141012012229,Drone
4369.681394348541,Drone
4404.455370379723,Drone
3596.0242073806203,Drone
4131.232464194694,Drone
4905.726296899768,Drone
6391.19391944939,Drone
9411.690540017902,Drone
8040.389228875722,Drone
1046.5817861575176,Drone
7176.464816756729,Drone
6448.624804415057,Drone
4459.926979467632,Drone
3745.4741475608944,Drone
3966.925210402854,Drone
6571.48056917782,Drone
9938.504413994897,Drone
9699.323888016826,Drone
7140.293862048405,Drone
6654.206437222082,Drone
524.3739850618412,Drone
2042.702253071913,Drone
4508.948589513052,Drone
5676.4203412651605,Drone
6575.538371032131,Drone
5512.363346376753,Drone
591.5862684064443,Drone
8066.701197680567,Drone
5308.241934131709,Drone
2451.568627486592,Drone
6523.012403176512,Drone
4556.8288648278085,Drone
1276.2520201390791,Drone
9961.290878056081,Drone
2492.5480758838025,Drone
5356.75040275113,Drone
7312.0486081739255,Drone
6553.276649133909,Drone
6890.886266203144,Drone
2347.1222701666816,Drone
2669.825362288647,Drone
4637.088557137013,Drone
3403.927547751,Drone
1219.077308805585,Drone
9283.094532258101,Drone
732.2204356789996,Drone
4754.720597860132,Drone
4369.555542849627,Drone
3961.4215981799407,Drone
9860.669318166572,Drone
2913.4873830563447,Drone
6252.304053715895,Drone
5802.682626107534,Drone
1955.7078326731148,Drone
8814.664603819618,Drone
3710.142459964727,Drone
6041.6479544008935,Drone
9711.47860028858,Drone
8630.10376427345,Drone
944.6998905616133,Drone
4600.231330195716,Drone
2373.103403409409,Drone
8354.619062633063,Drone
1610.709046622708,Drone
6571.521353429459,Drone
3280.602147855092,Drone
9915.580072973638,Drone
9094.620160529106,Drone
858.9643534305192,Drone
4138.80781110461,Drone
5474.853644713471,Drone
9979.95210519047,Drone
784.3856211503253,Drone
7901.20615957601,Drone
4116.927510574522,Drone
5839.602323502131,Drone
9803.032593461925,Drone
9018.715549558749,Drone
7327.5776557202325,Drone
3281.522967860272,Drone
364.001698724713,Drone
2976.492511172829,Drone
1231.7921099324246,Drone
9153.438413528631,Drone
8680.227644495479,Drone
6809.332892842386,Drone
96.80852792401384,Drone
4847.185207879709,Drone
1188.2214100457434,Drone
5807.694635626979,Drone
4061.272708720539,Drone
9054.959758467998,Drone
1425.8632806231565,Drone
4151.259821749444,Drone
4849.311320339712,Drone
5568.097344804333,Drone
3707.3774756744106,Drone
4224.150979085206,Drone
8655.88039652091,Drone
6692.4548756303075,Drone
461.65508854982494,Drone
729.5442703797717,Drone
872.0042461679122,Drone
6411.9022061609085,Drone
5194.815326764173,Drone
9145.71803554349,Drone
3129.984488648493,Drone
8310.155528606861,Drone
6940.180288671797,Drone
1555.2399641375314,Drone
3358.401646415301,Drone
3418.848720364901,Drone
4594.528327083654,Drone
3750.487136095163,Drone
4144.283902356259,Drone
9011.021465943313,Drone
5608.379472722649,Drone
5193.854614270347,Drone
2846.316186627852,Drone
5196.796213751337,Drone
3133.2135264638605,Drone
6420.367963953373,Drone
8923.677002634186,Drone
6191.144297095337,Drone
3127.0800059653848,Drone
6520.572537715734,Drone
5725.46569514804,Drone
2919.3926277594383,Drone
8289.2952683347,Drone
6971.3048704797775,Drone
1793.8856611407205,Drone
1091.951571546488,Drone
811.134490671771,Drone
1630.366927461725,Drone
274.5034798106172,Drone
4160.510301264881,Drone
3089.2433449820223,Drone
3390.6711169372315,Drone
1413.178851411465,Drone
9195.4496237825,Drone
2550.217468337701,Drone
7251.962751973552,Drone
5606.604937539869,Drone
6486.686476591062,Drone
7566.529978171982,Drone
1674.8094636922283,Drone
7726.616084300212,Drone
5951.4921108072085,Drone
463.20600036293456,Drone
6769.472812015196,Drone
8242.161501181314,Drone
1802.5554574391567,Drone
6606.647018191549,Drone
6912.853013174714,Drone
4157.053958072781,Drone
1398.8205401558296,Drone
8832.519802070412,Drone
8408.140271577193,Drone
8989.498836324023,Drone
4167.489026858641,Drone
8226.241772639165,Drone
5281.431911707048,Drone
8970.943436670366,Drone
396.70571428628955,Drone
8053.052216523056,Drone
3557.0324630083483,Drone
3462.695462923352,Drone
5792.953418030935,Drone
2832.7174688327195,Drone
5045.607479368213,Drone
9387.90761631695,Drone
6553.564041986996,Drone
1745.4141381934362,Drone
23.39274635105193,Drone
389.0308927396402,Drone
9524.820546893858,Drone
4403.014508733424,Drone
8163.395691438143,Drone
9489.729453893828,Drone
9708.365936536382,Drone
6850.677100446539,Drone
3121.7741390778997,Drone
8161.477066095997,Drone
4678.445674134181,Drone
7683.105557463728,Drone
475.18856567194456,Drone
3451.9953067822316,Drone
7346.28301445747,Drone
7958.40077382466,Drone
6849.568112804264,Drone
5332.083547891672,Drone
439.13671672120233,Drone
2807.300266948153,Drone
1576.2251801619875,Drone
4796.2190093676345,Drone
3471.5814419464987,Drone
7602.007621520276,Drone
2359.4840419443176,Drone
4526.749059051132,Drone
6805.231917985995,Drone
2521.2323167256245,Drone
2581.200522488588,Drone
6397.007718102253,Drone
9389.709054649811,Drone
7170.8177661038,Drone
1598.2555694166567,Drone
9184.585030328526,Drone
9347.706554736758,Drone
1042.4974068983195,Drone
3462.6782963929704,Drone
2828.7139104782746,Drone
4172.224353182118,Drone
5984.164560946812,Drone
7819.318291225701,Drone
5480.384644104487,Drone
8046.717641461632,Drone
4289.124442898563,Drone
1211.9253090088234,Drone
4527.2615876085865,Drone
6140.066770393106,Drone
4606.930288723802,Drone
7490.714759299642,Drone
5717.035438034019,Drone
7574.893926614243,Drone
9076.001154951755,Drone
6295.693628376331,Drone
5474.442643682584,Drone
135.71805007631775,Drone
8121.5258517535085,Drone
9384.530279142673,Drone
5190.377977900891,Drone
5830.247105735148,Drone
9168.67507843272,Drone
7610.861110699524,Drone
251.11040738889034,Drone
6644.322507745392,Drone
9401.309628856212,Drone
8666.340846388744,Drone
8551.442341415159,Drone
6771.378303270937,Drone
2627.025862399476,Drone
9292.455713415235,Drone
6430.311250722488,Drone
6563.927601989016,Drone
2256.747356674048,Drone
4064.8888927530347,Drone
4409.546791871007,Drone
297.2361252459621,Drone
1934.7880173537967,Drone
6986.403588372054,Drone
2325.8029886600316,Drone
3556.495835729789,Drone
954.7419167682414,Drone
4948.881646730645,Drone
5314.114995473374,Drone
7256.212499149099,Drone
4285.74108600075,Drone
7240.599373892445,Drone
9143.579421154514,Drone
1640.9960549374514,Drone
3153.748938211205,Drone
3670.0697167921658,Drone
2271.8417193688088,Drone
939.0644722125097,Drone
3757.15656791501,Drone
5729.219416725113,Drone
79.23216463645244,Drone
4348.637897914348,Drone
2126.332695696833,Drone
1083.7658282552775,Drone
8340.089885497628,Drone
3351.9408854167323,Drone
2951.960702319605,Drone
6219.52441324211,Drone
542.2886657486292,Drone
8385.031764527246,Drone
9830.565656507175,Drone
1495.1283214292332,Drone
7054.1775316918665,Drone
3087.5630493589133,Drone
6810.166758982268,Drone
8989.5768520203,Drone
3056.3068414104023,Drone
9405.319607606929,Drone
3545.184790531737,Drone
4675.869018120523,Drone
3766.1762212130666,Drone
1543.2183017525847,Drone
64.24317953953707,Drone
2415.6094406621833,Drone
7535.742403433355,Drone
8688.372868579001,Drone
4721.501293452792,Drone
3150.185129339348,Drone
3764.1616270848344,Drone
8276.883916203376,Drone
4974.0527091087415,Drone
8490.089803381654,Drone
1310.9900106520456,Drone
4015.0416783941255,Drone
6873.432513996842,Drone
4700.826858416015,Drone
2808.0289683520177,Drone
186.5383835898915,Drone
768.3395417074934,Drone
142.6618863170115,Drone
8274.952937604574,Drone
9465.787219620062,Drone
9201.548374254398,Drone
9462.87133588627,Drone
1088.0717542207442,Drone
6710.641257084339,Drone
2993.7930508767686,Drone
5210.157360291824,Drone
8512.248734306835,Drone
3448.824161635959,Drone
9341.504142287318,Drone
2621.697531704771,Drone
9767.784253249878,Drone
4403.2458175046395,Drone
3121.971049998421,Drone
5045.79044839686,Drone
4552.8735785340705,Drone
6107.058532445987,Drone
6328.744858398759,Drone
5206.232633441276,Drone
3335.3636122511175,Drone
8255.070053294787,Drone
5413.783701833632,Drone
2221.9474027035426,Drone
8469.179850338245,Drone
7655.556313937099,Drone
1199.8818431276636,Drone
5183.9344677397785,Drone
7933.784322041299,Drone
9605.788355410717,Drone
5392.874169079099,Drone
7121.700716355616,Drone
8028.252718520368,Drone
8239.651818571518,Drone
7050.088666993626,Drone
9018.382456377161,Drone
8222.129038644869,Drone
3599.039380914075,Drone
1754.4731991867047,Drone
1683.7355384035868,Drone
2890.692418382017,Drone
1001.9094314920496,Drone
9457.366383586332,Drone
7180.950109739842,Drone
5150.499814837533,Drone
5779.384049460513,Drone
6882.924784701824,Drone
459.34357431973604,Drone
9154.477268488092,Drone
6894.267218663274,Drone
252.27410893738366,Drone
7246.8879177050085,Drone
535.2524605283115,Drone
3298.438699456676,Drone
4693.545445835893,Drone
3098.8015593855334,Drone
6443.815780069141,Drone
655.2532874679717,Drone
5339.663261946594,Drone
5311.854027342629,Drone
9329.837736618361,Drone
6812.727547166424,Drone
1733.7834411905694,Drone
5381.501026575979,Drone
807.6241678943974,Drone
1631.0018132143312,Drone
3800.230041816559,Drone
370.21307151434036,Drone
9167.51995378446,Drone
8609.97250768866,Drone
4314.294516370753,Drone
4670.838827318008,Drone
8085.948017620072,Drone
940.1293829935364,Drone
6574.3607046707175,Drone
5147.269377686777,Drone
9410.246099321226,Drone
8480.819879140805,Drone
4550.662537180592,Drone
411.7141904945087,Drone
6226.371743097388,Drone
6157.601120174607,Drone
1081.7840165729465,Drone
621.4231925322089,Drone
2812.401745547638,Drone
1429.4216500684277,Drone
8865.18420776519,Drone
3541.8679871599825,Drone
9386.926765810536,Drone
6009.303927769783,Drone
2170.653668150665,Drone
7782.433368551206,Drone
1525.1459366213016,Drone
3434.9510380071256,Drone
2526.808138780582,Drone
517.5495050713497,Drone
7563.126710545746,Drone
6861.357783099394,Drone
4109.085828532616,Drone
3001.499589895925,Drone
7176.432905110131,Drone
8588.820512568092,Drone
2966.4871429688087,Drone
6755.617449858257,Drone
8361.678978512313,Drone
1327.9334074722171,Drone
9197.032076106447,Drone
3402.6755838802424,Drone
7090.9138869767985,Drone
2188.016756793778,Drone
9887.59513233379,Drone
6959.130048535371,Drone
3302.3001399060227,Drone
422.80353860639775,Drone
2957.8211626220927,Drone
4442.456577952747,Drone
6671.435869031198,Drone
9435.10887465276,Drone
2976.38036328849,Drone
6101.891184252911,Drone
5033.1176956127265,Drone
1252.8804895707678,Drone
8974.910767570254,Drone
6463.679140258255,Drone
6722.441913047362,Drone
5821.701958159568,Drone
5553.319351730811,Drone
6865.863615440656,Drone
6383.951091269995,Drone
4133.845484328755,Drone
327.5959583885768,Drone
9624.641594103046,Drone
7990.52515562819,Drone
4794.801161879276,Drone
1280.0414169541718,Drone
7868.900906838306,Drone
430.18269338973124,Drone
2536.955293758746,Drone
4682.836473929539,Drone
8085.724063345731,Drone
7240.32312245165,Drone
8568.69424329746,Drone
9544.043204711674,Drone
5648.187412927445,Drone
5098.570446077158,Drone
7051.859548682153,Drone
6366.253513584462,Drone
9349.46034947702,Drone
2944.336960978101,Drone
9750.579135798529,Drone
9711.739362293665,Drone
600.7449963296784,Drone
7.247166400584648,Drone
9372.60542887828,Drone
5901.338125021947,Drone
9446.303438926478,Drone
3130.503455300967,Drone
6457.67955489285,Drone
4866.194487513912,Drone
7707.0444313921735,Drone
8276.732894237877,Drone
6269.250830386268,Drone
9323.549885017299,Drone
6247.008684428106,Drone
6025.8396953533,Drone
7123.45513092946,Drone
2510.8950921625797,Drone
5957.7386080249,Drone
4237.722121290576,Drone
1340.7384913114106,Drone
8567.605803664334,Drone
2933.254836128384,Drone
5652.227392472784,Drone
4824.648910170767,Drone
8364.887039839841,Drone
9973.85666615223,Drone
5348.295391352977,Drone
9645.495530592896,Drone
6826.791416207862,Drone
2826.386815940437,Drone
7447.615636359004,Drone
8436.325097474562,Drone
9835.411294084095,Drone
7409.997844027829,Drone
8474.372637273114,Drone
4478.345152106293,Drone
9482.734611117712,Drone
2078.501512801363,Drone
2219.8900608742842,Drone
2409.7385455996514,Drone
9916.364797114078,Drone
9604.47034111535,Drone
922.6421480837698,Drone
5941.658710183686,Drone
4802.344761264192,Drone
7702.956911238327,Drone
8369.29463366113,Drone
4823.816333458572,Drone
3202.080045235065,Drone
1219.4724110559473,Drone
8671.638393455067,Drone
4394.927676051454,Drone
2961.5908567850333,Drone
3396.554483773493,Drone
8852.894702582938,Drone
1366.4792436381779,Drone
2642.8467841254424,Drone
1706.1249315677007,Drone
800.6301543192407,Drone
5499.711884897506,Drone
8989.741839071856,Drone
8548.491661392098,Drone
9819.04212104296,Drone
4433.499436587885,Drone
5717.490443066876,Drone
7568.71019388995,Drone
4827.83731133737,Drone
9114.913123453087,Drone
3752.952060488788,Drone
6541.8012500451805,Drone
4465.373277684259,Drone
7117.652901957971,Drone
1205.1804161164337,Drone
3423.6314927121557,Drone
4079.6759502381983,Drone
4734.780190144352,Drone
5426.973195703349,Drone
6355.158833711817,Drone
3518.6708117930766,Drone
1098.9621861964572,Drone
8472.18848039666,Drone
152.44874326052704,Drone
9298.67915188486,Drone
7107.239729755998,Drone
8555.243524971724,Drone
8401.42450761644,Drone
5367.16192319973,Drone
6609.440339244566,Drone
7284.834830693759,Drone
9000.365543417067,Drone
3287.833666598269,Drone
4603.162112597212,Drone
7772.835279568689,Drone
609.489747293035,Drone
1574.5623036836298,Drone
4525.784926839084,Drone
4540.792234611624,Drone
2325.577656292256,Drone
1673.2513990866814,Drone
8192.63006610359,Drone
6599.417031520177,Drone
3144.7729072931475,Drone
5953.199865670434,Drone
8924.13695832747,Drone
1126.0958422097822,Drone
2409.1191341988183,Drone
7160.181566208203,Drone
1460.1135177643166,Drone
3549.2509720389776,Drone
8775.614246325107,Drone
8429.699631272544,Drone
6784.123005560362,Drone
9136.628328035382,Drone
7261.941780380425,Drone
1911.6732656399981,Drone
2292.4824534485388,Drone
7321.041015828219,Drone
9902.049856154053,Drone
938.165580057243,Drone
8108.818060709916,Drone
5362.642188739486,Drone
6542.404762377577,Drone
7260.930194589035,Drone
1004.3961423665737,Drone
5113.483601718393,Drone
4071.194494025074,Drone
4635.066794485001,Drone
8071.995526560045,Drone
7587.59432770481,Drone
9163.78852354518,Drone
4755.949741628532,Drone
7304.823468479465,Drone
5995.644151510565,Drone
1458.2228294137456,Drone
9254.270475087338,Drone
2876.206233347328,Drone
8741.842200440553,Drone
2017.6852181335425,Drone
4088.115399420622,Drone
